"dept.inc","Year","agec","J12_J18_prim","acm_noj_prim","E40_E46_prim","R95_R99_prim","J12_J18_any","R00_R09_prim","G90_G99_prim","N00_N99_prim","P00_P96_prim","A00_B99_prim","Q00_Q99_prim","all.deaths"
"01.high",2005,0,0,58,0,0,0,0,0,0,45,4,3,62
"01.low",2005,0,4,32,0,2,4,0,0,0,21,2,0,36
"01.med",2005,0,2,68,0,4,5,0,0,0,42,0,8,73
"02.high",2005,0,6,27,0,0,6,0,1,0,11,2,6,34
"02.low",2005,0,1,7,0,0,1,0,0,0,1,0,1,8
"02.med",2005,0,9,58,0,1,10,0,1,1,34,3,8,72
"03.low",2005,0,12,109,0,0,12,0,1,1,62,3,9,130
"03.med",2005,0,4,49,0,0,4,0,2,1,35,1,4,53
"04.high",2005,0,10,210,0,0,10,0,4,1,118,2,47,223
"04.low",2005,0,1,14,0,0,1,0,0,0,12,0,0,15
"04.med",2005,0,1,18,0,0,1,0,0,0,11,0,0,20
"05.low",2005,0,6,48,0,1,9,0,1,2,26,0,5,58
"05.med",2005,0,9,64,0,0,16,0,2,3,41,1,4,86
"06.low",2005,0,27,70,0,1,27,0,1,3,39,4,6,116
"06.med",2005,0,14,138,0,6,15,0,0,0,78,7,12,159
"07.high",2005,0,6,84,0,0,9,0,2,0,54,4,19,94
"08.high",2005,0,5,43,0,1,9,0,1,0,23,2,3,53
"08.low",2005,0,10,169,0,0,11,0,4,1,69,10,6,190
"08.med",2005,0,13,160,2,1,17,0,1,2,79,7,14,191
"09.low",2005,0,13,132,0,0,15,0,6,0,76,4,13,153
"09.med",2005,0,3,24,0,0,4,0,2,0,17,0,1,31
"10.high",2005,0,0,18,0,2,0,0,0,0,8,1,5,20
"10.low",2005,0,17,163,5,4,17,0,1,1,79,17,16,198
"10.med",2005,0,3,37,0,1,3,0,1,2,22,0,7,44
"11.high",2005,0,6,145,0,0,7,0,1,1,98,1,24,159
"12.high",2005,0,12,113,0,0,14,0,2,1,64,4,15,140
"12.low",2005,0,1,19,0,2,1,0,0,0,11,0,0,21
"12.med",2005,0,17,112,0,0,21,1,2,1,57,1,11,153
"13.high",2005,0,2,24,0,0,2,0,2,1,11,1,4,31
"13.low",2005,0,6,40,1,5,6,0,2,0,16,4,1,52
"13.med",2005,0,7,49,0,0,7,0,1,0,25,2,7,63
"14.high",2005,0,9,125,0,0,12,0,0,1,87,3,23,140
"14.low",2005,0,1,8,0,1,1,0,1,0,5,0,1,9
"14.med",2005,0,8,72,0,2,8,0,1,0,35,2,14,90
"15.high",2005,0,54,836,0,1,73,0,9,2,506,20,196,950
"15.med",2005,0,5,46,0,0,7,0,1,0,29,0,6,56
"16.high",2005,0,1,9,0,0,2,0,0,0,5,1,1,11
"16.low",2005,0,1,17,0,0,2,0,0,0,9,3,5,19
"16.med",2005,0,1,18,0,0,1,0,1,0,6,1,2,21
"17.high",2005,0,3,31,1,0,3,0,3,0,18,0,4,38
"18.high",2005,0,1,25,0,0,1,0,0,0,19,0,2,26
"18.med",2005,0,0,2,0,0,0,0,0,0,1,0,0,2
"19.low",2005,0,1,17,0,0,1,0,0,0,9,2,0,21
"19.med",2005,0,5,25,0,0,5,0,0,0,19,0,3,34
"20.high",2005,0,3,130,0,2,10,0,2,0,101,0,12,145
"20.low",2005,0,1,17,0,0,2,0,0,0,9,0,1,21
"20.med",2005,0,15,109,0,0,18,0,1,0,85,0,10,132
"21.low",2005,0,13,260,0,1,17,0,0,8,139,11,18,288
"21.med",2005,0,33,275,1,0,44,0,0,3,172,9,18,328
"22.high",2005,0,4,41,0,0,4,0,1,0,31,0,5,48
"22.low",2005,0,1,8,0,0,1,0,0,0,3,3,2,9
"22.med",2005,0,2,42,0,1,2,0,0,2,25,2,3,46
"23.high",2005,0,1,45,0,0,1,0,1,0,33,0,5,47
"23.med",2005,0,0,2,0,0,0,0,0,0,1,0,1,2
"24.high",2005,0,4,36,1,1,4,0,0,0,21,2,5,40
"24.med",2005,0,0,1,0,0,1,0,0,0,1,0,0,2
"25.high",2005,0,23,167,6,0,24,0,6,0,110,6,12,198
"25.med",2005,0,1,12,0,0,1,0,0,0,6,1,4,13
"01.high",2006,0,1,5,0,0,1,0,0,0,4,0,0,8
"01.low",2006,0,1,5,0,0,1,0,0,0,1,1,1,7
"01.med",2006,0,0,3,0,0,0,0,0,0,3,0,0,3
"02.high",2006,0,6,43,0,0,6,0,1,0,29,2,5,52
"02.low",2006,0,1,6,0,0,1,0,0,0,5,0,0,9
"02.med",2006,0,1,33,0,0,1,0,0,0,15,3,7,38
"03.low",2006,0,8,49,0,0,9,0,4,0,21,0,3,65
"03.med",2006,0,3,31,0,0,3,0,1,1,21,0,2,36
"04.high",2006,0,4,187,1,1,4,0,8,0,95,6,43,193
"04.low",2006,0,0,13,0,0,0,0,0,0,11,0,0,13
"04.med",2006,0,0,10,0,0,0,0,0,0,3,0,5,10
"05.low",2006,0,7,38,1,0,7,0,0,0,23,3,3,48
"05.med",2006,0,4,79,0,0,6,0,4,1,48,1,6,92
"06.low",2006,0,36,145,2,1,41,0,3,2,83,4,8,190
"06.med",2006,0,39,177,0,2,41,0,0,4,106,10,10,228
"07.high",2006,0,2,60,0,0,3,0,0,0,48,1,4,68
"08.high",2006,0,2,43,0,0,5,0,0,0,20,2,6,49
"08.low",2006,0,4,120,0,0,6,0,4,1,36,12,10,141
"08.med",2006,0,9,134,1,1,11,0,4,0,56,5,11,152
"09.low",2006,0,13,117,0,0,15,0,2,3,60,1,9,134
"09.med",2006,0,2,19,0,0,2,0,1,1,13,1,0,22
"10.high",2006,0,0,18,0,1,1,0,0,0,9,1,2,20
"10.low",2006,0,22,121,5,0,25,0,1,0,64,4,10,154
"10.med",2006,0,5,25,0,0,7,0,1,0,11,1,2,35
"11.high",2006,0,5,129,0,0,5,0,0,0,94,1,23,135
"12.high",2006,0,19,118,0,0,22,0,1,0,78,3,8,149
"12.low",2006,0,4,12,0,0,5,0,1,0,5,0,0,20
"12.med",2006,0,21,128,1,0,25,0,7,0,69,5,9,170
"13.high",2006,0,2,52,1,0,2,0,0,0,25,2,11,56
"13.low",2006,0,6,38,3,0,6,0,0,0,13,2,3,45
"13.med",2006,0,6,40,0,2,6,0,0,0,20,2,1,48
"14.high",2006,0,7,110,0,1,9,0,3,0,72,2,20,120
"14.low",2006,0,2,8,0,0,3,0,0,1,3,1,1,11
"14.med",2006,0,8,89,0,0,10,0,0,2,49,0,15,104
"15.high",2006,0,23,727,0,0,34,0,12,2,428,14,201,773
"15.med",2006,0,3,14,0,0,3,0,0,0,7,1,3,17
"16.high",2006,0,0,6,0,0,0,0,1,0,3,0,1,6
"16.low",2006,0,1,2,0,0,1,0,0,0,1,1,0,3
"16.med",2006,0,3,7,0,0,5,0,0,0,4,0,2,12
"17.high",2006,0,0,2,0,0,0,0,0,0,2,0,0,2
"18.high",2006,0,0,28,0,0,0,0,0,0,13,0,8,29
"18.med",2006,0,2,3,0,0,2,0,0,0,2,0,0,5
"19.low",2006,0,1,16,0,0,2,0,0,0,11,0,1,20
"19.med",2006,0,2,34,0,0,2,0,2,0,19,3,5,37
"20.high",2006,0,7,100,0,0,12,0,2,0,68,0,19,116
"20.low",2006,0,2,30,0,0,4,0,0,1,17,3,1,36
"20.med",2006,0,10,117,0,0,12,0,0,1,86,4,11,134
"21.low",2006,0,12,222,0,1,13,0,1,5,99,9,14,247
"21.med",2006,0,34,260,1,2,42,0,4,11,127,13,19,318
"22.high",2006,0,1,51,0,0,3,0,0,0,42,1,3,57
"22.low",2006,0,0,3,0,0,0,0,0,0,1,0,0,3
"22.med",2006,0,0,37,0,0,2,0,1,0,17,5,3,41
"23.high",2006,0,1,47,0,0,1,0,0,1,25,0,12,52
"23.med",2006,0,0,4,0,0,0,0,0,0,4,0,0,4
"24.high",2006,0,0,34,0,0,0,0,2,0,26,1,4,34
"24.med",2006,0,0,1,0,0,0,0,0,0,1,0,0,1
"25.high",2006,0,11,86,0,0,13,0,2,2,54,5,8,102
"25.med",2006,0,2,15,0,0,2,0,1,0,7,0,1,17
"01.high",2007,0,0,22,0,0,0,0,0,0,15,0,6,26
"01.low",2007,0,4,29,0,0,4,0,0,0,14,2,4,35
"01.med",2007,0,1,16,0,0,2,0,0,0,9,0,3,20
"02.high",2007,0,4,88,0,1,4,0,0,0,53,1,23,94
"02.low",2007,0,0,7,0,0,1,0,0,0,3,1,1,9
"02.med",2007,0,3,54,3,0,3,0,0,0,29,2,9,58
"03.low",2007,0,7,49,0,0,7,0,1,0,26,3,7,64
"03.med",2007,0,1,29,0,0,1,0,0,2,20,1,3,32
"04.high",2007,0,14,186,1,1,15,0,4,2,112,1,33,204
"04.low",2007,0,0,2,0,0,0,0,0,0,1,0,0,4
"04.med",2007,0,2,19,0,0,2,0,1,0,8,2,4,23
"05.low",2007,0,3,48,0,0,3,0,0,0,25,0,1,53
"05.med",2007,0,11,77,0,0,12,0,2,0,40,0,11,91
"06.low",2007,0,1,4,0,0,1,0,0,0,3,0,1,5
"06.med",2007,0,3,12,0,0,4,0,0,0,8,1,2,16
"07.high",2007,0,4,59,0,0,4,0,0,1,34,3,17,65
"08.high",2007,0,2,56,0,0,5,0,1,0,28,2,13,67
"08.low",2007,0,4,89,0,0,4,0,1,1,18,2,10,100
"08.med",2007,0,11,101,0,1,13,0,1,0,38,2,7,117
"09.low",2007,0,10,79,0,0,17,0,0,0,33,4,12,100
"09.med",2007,0,3,15,0,0,5,0,0,0,11,0,1,20
"10.high",2007,0,0,17,0,0,0,0,0,0,7,1,6,18
"10.low",2007,0,5,99,3,2,6,0,2,2,46,5,4,115
"10.med",2007,0,4,39,0,3,4,0,3,0,23,0,3,43
"11.high",2007,0,16,145,0,0,17,0,0,0,80,5,13,162
"11.med",2007,0,0,2,0,0,0,0,0,0,0,0,1,2
"12.high",2007,0,13,113,0,1,14,0,2,1,75,1,6,140
"12.low",2007,0,1,17,0,0,2,0,0,0,7,0,0,19
"12.med",2007,0,10,109,0,0,12,0,3,0,47,2,11,134
"13.high",2007,0,1,39,0,0,1,0,1,1,19,2,14,40
"13.low",2007,0,2,21,0,5,2,0,0,0,8,2,1,23
"13.med",2007,0,4,40,0,4,5,0,3,1,20,2,4,46
"14.high",2007,0,6,88,0,1,6,0,0,0,60,1,14,95
"14.low",2007,0,1,8,0,0,1,0,0,0,2,0,0,9
"14.med",2007,0,11,90,0,2,13,0,1,0,55,0,17,109
"15.high",2007,0,54,751,1,0,61,0,4,3,457,31,181,829
"15.med",2007,0,0,11,0,0,1,0,0,0,7,0,2,12
"16.high",2007,0,2,23,0,0,4,0,0,0,13,2,4,27
"16.low",2007,0,2,21,0,0,4,0,0,0,14,2,2,25
"16.med",2007,0,5,53,2,0,8,0,0,2,22,9,5,61
"17.high",2007,0,3,44,1,0,3,0,0,0,25,4,0,47
"18.high",2007,0,3,26,0,0,3,0,0,0,11,0,8,30
"18.med",2007,0,1,3,0,0,1,0,0,0,1,0,2,4
"19.high",2007,0,0,1,0,0,0,0,0,0,1,0,0,1
"19.low",2007,0,1,13,0,1,1,0,1,0,7,0,2,17
"19.med",2007,0,3,38,0,0,3,0,0,0,27,1,1,42
"20.high",2007,0,7,114,0,1,11,0,1,1,79,3,13,126
"20.low",2007,0,3,23,0,0,3,0,0,0,15,1,0,27
"20.med",2007,0,10,117,0,1,14,0,1,1,84,1,11,139
"21.low",2007,0,11,197,1,1,15,0,2,1,80,12,12,229
"21.med",2007,0,28,259,0,3,34,0,3,1,135,18,19,310
"22.high",2007,0,5,26,0,0,6,0,0,0,21,1,1,32
"22.low",2007,0,1,3,0,0,1,0,0,0,2,1,0,5
"22.med",2007,0,3,16,0,0,3,0,0,0,8,1,2,19
"23.high",2007,0,2,45,0,0,2,0,3,1,23,0,9,52
"23.low",2007,0,0,2,0,0,0,0,0,0,1,0,0,2
"23.med",2007,0,0,3,0,0,0,0,0,0,1,0,0,3
"24.high",2007,0,4,25,0,0,5,0,0,0,19,3,2,30
"25.high",2007,0,20,227,0,0,25,0,0,0,162,15,31,262
"25.med",2007,0,2,30,0,0,2,0,0,0,18,2,3,32
"01.high",2008,0,0,12,0,0,0,0,0,0,8,1,0,12
"01.low",2008,0,0,5,0,0,0,0,0,0,2,0,0,5
"01.med",2008,0,1,14,0,0,1,2,0,0,8,0,1,15
"02.high",2008,0,5,88,1,1,7,2,1,0,47,5,13,96
"02.low",2008,0,1,10,0,1,1,0,0,0,4,0,1,11
"02.med",2008,0,6,38,1,1,7,0,0,0,21,0,5,46
"03.low",2008,0,6,49,0,0,6,0,0,0,23,2,10,61
"03.med",2008,0,0,30,0,0,0,2,0,0,19,1,2,30
"04.high",2008,0,12,207,1,0,13,3,1,0,125,3,41,221
"04.low",2008,0,0,7,0,0,0,0,0,0,5,0,1,7
"04.med",2008,0,1,13,0,0,1,0,0,0,11,0,0,15
"05.low",2008,0,10,39,0,0,10,1,0,0,16,2,6,50
"05.med",2008,0,7,76,0,0,10,2,2,1,50,0,11,87
"06.low",2008,0,14,57,0,2,17,1,2,0,21,3,4,81
"06.med",2008,0,21,81,0,2,27,4,0,0,39,6,7,112
"07.high",2008,0,9,88,1,0,12,2,1,0,55,0,25,102
"08.high",2008,0,1,45,0,0,2,3,1,0,27,1,1,48
"08.low",2008,0,4,106,1,0,4,4,0,0,38,2,7,113
"08.med",2008,0,9,133,0,0,12,5,1,0,63,5,6,147
"09.high",2008,0,0,1,0,0,0,0,0,0,0,0,0,1
"09.low",2008,0,14,75,0,0,20,0,0,0,40,1,6,100
"09.med",2008,0,3,32,0,0,5,1,0,0,22,1,2,37
"10.high",2008,0,0,24,0,0,0,0,0,0,18,0,5,25
"10.low",2008,0,13,121,2,1,13,2,0,0,63,4,11,142
"10.med",2008,0,4,36,1,0,6,0,0,0,19,1,5,43
"11.high",2008,0,11,151,0,0,15,1,0,1,114,2,16,170
"11.med",2008,0,0,1,0,0,0,0,0,0,0,0,1,1
"12.high",2008,0,13,136,2,0,15,3,1,0,85,6,11,159
"12.low",2008,0,2,19,0,0,2,0,0,0,6,1,0,22
"12.med",2008,0,11,106,0,2,14,2,1,0,44,5,10,130
"13.high",2008,0,4,72,0,0,4,0,0,0,48,5,14,76
"13.low",2008,0,7,33,2,0,7,1,1,0,9,2,0,45
"13.med",2008,0,3,55,1,0,3,2,1,0,31,2,9,60
"14.high",2008,0,6,121,0,0,12,1,0,0,92,2,16,134
"14.low",2008,0,2,5,0,0,3,0,0,0,3,0,1,8
"14.med",2008,0,9,95,1,0,10,1,0,0,65,8,6,108
"15.high",2008,0,56,669,2,3,72,35,3,1,335,77,123,754
"15.low",2008,0,0,1,0,0,0,0,0,0,0,0,0,1
"15.med",2008,0,7,42,1,0,7,2,0,0,17,2,8,50
"16.high",2008,0,1,9,0,0,2,0,0,0,6,1,1,11
"16.low",2008,0,2,20,0,0,4,0,0,0,9,5,0,24
"16.med",2008,0,16,56,1,0,18,2,0,0,41,1,1,76
"17.high",2008,0,0,38,1,0,0,1,0,0,27,2,2,38
"18.high",2008,0,4,20,0,0,4,0,0,0,9,0,3,25
"18.med",2008,0,0,2,0,0,1,0,0,0,1,0,0,3
"19.low",2008,0,3,9,1,0,3,0,0,0,1,0,1,13
"19.med",2008,0,5,29,0,1,5,0,0,0,21,1,3,35
"20.high",2008,0,5,96,0,0,12,2,0,0,76,1,8,109
"20.low",2008,0,0,26,0,1,2,1,0,0,11,1,1,29
"20.med",2008,0,18,138,1,2,24,0,2,1,99,6,9,166
"21.low",2008,0,16,162,1,4,18,6,2,0,75,8,6,183
"21.med",2008,0,16,215,3,2,22,6,0,0,112,12,9,249
"22.high",2008,0,1,52,0,0,2,0,0,0,42,0,2,55
"22.low",2008,0,0,7,0,0,0,0,0,0,4,0,1,7
"22.med",2008,0,10,40,0,0,11,2,0,0,19,2,4,56
"23.high",2008,0,5,44,1,0,5,0,0,0,30,1,3,51
"23.med",2008,0,0,1,0,0,0,0,0,0,0,0,0,1
"24.high",2008,0,4,37,0,0,4,1,0,0,32,1,1,41
"24.med",2008,0,0,1,0,0,0,0,0,0,0,1,0,1
"25.high",2008,0,12,156,1,0,14,2,2,1,113,8,13,172
"25.med",2008,0,4,7,0,0,4,0,0,0,4,0,1,11
"01.high",2009,0,1,8,0,0,2,0,0,0,6,1,0,10
"01.low",2009,0,1,3,0,0,2,0,0,0,2,0,0,5
"01.med",2009,0,1,8,0,0,1,0,0,0,3,0,3,9
"02.high",2009,0,3,69,0,1,3,1,0,0,45,4,6,74
"02.low",2009,0,1,6,0,0,1,1,0,0,2,0,1,8
"02.med",2009,0,6,37,0,0,7,4,0,0,19,1,3,44
"03.low",2009,0,4,32,1,2,5,0,0,0,14,0,3,38
"03.med",2009,0,1,23,1,0,2,0,1,0,17,0,1,28
"04.high",2009,0,19,196,1,1,19,0,5,0,117,4,30,221
"04.low",2009,0,0,5,0,0,0,0,0,0,4,0,0,5
"04.med",2009,0,0,16,1,0,0,0,0,1,9,0,0,18
"05.low",2009,0,7,31,0,0,7,0,0,0,18,2,2,40
"05.med",2009,0,6,82,0,1,7,2,0,0,52,5,5,92
"06.high",2009,0,1,0,0,0,1,0,0,0,0,0,0,1
"06.low",2009,0,11,46,0,1,12,0,1,1,21,0,4,60
"06.med",2009,0,14,98,1,0,17,3,2,0,50,5,7,122
"07.high",2009,0,11,95,2,0,13,0,0,0,55,1,25,108
"08.high",2009,0,3,50,0,0,4,0,0,1,22,2,6,57
"08.low",2009,0,2,92,0,2,3,4,3,0,23,2,6,101
"08.med",2009,0,17,125,1,0,19,1,7,1,73,0,4,150
"09.low",2009,0,9,73,1,0,9,0,4,0,36,1,3,91
"09.med",2009,0,5,19,0,0,5,0,1,0,11,1,1,24
"10.high",2009,0,0,31,0,0,0,0,0,0,18,0,10,32
"10.low",2009,0,10,88,0,1,12,0,1,1,31,6,11,108
"10.med",2009,0,4,32,0,0,4,0,0,0,14,0,7,38
"11.high",2009,0,6,145,1,0,7,0,0,0,103,1,17,154
"12.high",2009,0,12,101,0,1,13,0,4,0,62,4,17,122
"12.low",2009,0,3,8,0,1,4,0,0,0,5,0,0,12
"12.med",2009,0,17,95,5,2,19,0,3,0,39,6,7,125
"13.high",2009,0,5,85,1,1,5,0,1,1,58,2,11,93
"13.low",2009,0,3,29,1,5,3,0,0,0,9,1,2,32
"13.med",2009,0,7,80,1,0,7,0,0,0,47,4,10,88
"14.high",2009,0,8,115,0,0,9,0,1,0,87,1,11,128
"14.low",2009,0,4,6,0,0,6,0,0,0,2,1,0,13
"14.med",2009,0,14,96,4,1,22,0,0,0,49,3,14,121
"15.high",2009,0,62,770,8,3,76,9,12,3,458,36,134,874
"15.med",2009,0,4,54,1,0,5,1,0,0,21,4,11,63
"16.high",2009,0,8,19,0,0,8,0,0,0,10,1,7,28
"16.low",2009,0,4,25,1,0,4,0,0,0,7,11,0,34
"16.med",2009,0,20,74,1,0,21,0,1,0,47,1,15,99
"17.high",2009,0,4,38,1,0,4,0,2,0,19,1,4,42
"18.high",2009,0,2,22,0,0,2,0,2,0,11,0,4,24
"18.med",2009,0,0,6,0,0,0,0,0,0,3,0,1,7
"19.low",2009,0,2,20,0,0,2,0,0,0,7,0,2,23
"19.med",2009,0,6,46,0,0,6,0,0,0,24,2,2,56
"20.high",2009,0,4,108,1,1,6,1,1,1,66,3,21,115
"20.low",2009,0,3,36,1,0,4,1,0,0,19,3,5,42
"20.med",2009,0,6,133,2,2,8,1,2,0,95,1,16,146
"21.low",2009,0,11,149,2,2,12,3,3,5,62,12,8,183
"21.med",2009,0,33,196,1,1,35,5,0,3,102,6,15,251
"22.high",2009,0,2,74,2,0,4,0,0,0,65,0,5,80
"22.low",2009,0,0,8,0,0,1,0,0,0,6,1,0,10
"22.med",2009,0,6,51,1,0,7,0,0,0,35,1,5,63
"23.high",2009,0,8,52,1,0,8,0,2,0,33,1,7,71
"23.med",2009,0,1,1,0,0,1,0,0,0,0,0,0,2
"24.high",2009,0,1,31,1,0,1,0,1,1,25,0,2,32
"24.med",2009,0,0,1,0,0,0,0,0,0,1,0,0,1
"25.high",2009,0,7,154,3,0,11,0,4,1,106,10,20,169
"25.med",2009,0,1,23,1,1,1,0,1,1,15,0,1,24
"01.high",2010,0,1,2,0,0,2,0,0,0,0,0,1,5
"01.low",2010,0,0,1,0,0,0,0,0,0,0,0,0,2
"01.med",2010,0,0,11,0,0,1,2,0,0,1,1,0,12
"02.high",2010,0,4,51,0,3,7,1,2,0,30,2,7,59
"02.low",2010,0,0,5,0,1,0,0,0,0,2,0,1,5
"02.med",2010,0,3,33,1,0,5,1,1,0,15,0,6,41
"03.low",2010,0,5,42,1,0,6,2,0,0,21,1,2,51
"03.med",2010,0,0,15,0,0,1,1,0,1,9,0,0,16
"04.high",2010,0,8,153,0,0,9,1,1,1,81,1,37,165
"04.low",2010,0,0,3,0,0,0,0,0,0,2,0,0,3
"04.med",2010,0,0,15,0,0,0,0,0,0,6,0,4,15
"05.low",2010,0,3,27,0,0,5,0,0,0,18,0,0,34
"05.med",2010,0,6,68,1,1,6,0,3,0,31,2,9,78
"06.high",2010,0,1,1,0,0,1,0,0,0,0,0,0,2
"06.low",2010,0,18,57,0,1,19,0,1,0,33,8,4,79
"06.med",2010,0,14,112,1,2,14,0,0,2,57,13,7,132
"07.high",2010,0,5,83,0,0,7,0,0,1,46,2,27,94
"08.high",2010,0,1,47,0,0,6,0,2,0,26,0,3,54
"08.low",2010,0,9,71,2,0,10,2,2,1,22,1,4,86
"08.med",2010,0,5,91,0,0,7,0,5,0,39,5,7,104
"09.low",2010,0,4,64,0,0,5,1,2,0,34,0,4,71
"09.med",2010,0,3,28,0,0,4,0,0,0,23,0,1,34
"10.high",2010,0,0,33,0,0,0,0,1,0,25,1,5,33
"10.low",2010,0,6,71,3,2,6,0,4,1,30,1,8,80
"10.med",2010,0,2,31,1,0,2,0,2,0,15,0,4,33
"11.high",2010,0,3,146,0,0,6,0,0,1,93,2,30,154
"11.low",2010,0,0,1,0,0,0,0,0,0,1,0,0,1
"11.med",2010,0,0,1,0,0,0,0,0,0,1,0,0,1
"12.high",2010,0,8,139,1,1,11,1,9,3,78,3,18,152
"12.low",2010,0,0,10,1,0,0,0,0,0,6,0,0,12
"12.med",2010,0,12,111,0,0,18,1,7,1,54,3,10,138
"13.high",2010,0,7,107,1,1,7,0,1,0,68,1,20,116
"13.low",2010,0,5,47,1,2,5,0,0,1,25,2,3,55
"13.med",2010,0,7,59,0,0,7,0,4,0,31,2,9,70
"14.high",2010,0,8,119,0,0,11,0,1,2,73,1,25,136
"14.low",2010,0,0,4,0,0,1,0,0,0,2,0,1,5
"14.med",2010,0,12,89,0,1,15,0,4,1,60,2,11,108
"15.high",2010,0,36,769,1,8,58,2,11,4,454,27,167,835
"15.med",2010,0,4,31,0,1,4,0,1,0,7,1,6,37
"16.high",2010,0,4,37,1,0,5,0,0,1,26,0,4,43
"16.low",2010,0,3,10,0,0,3,0,0,0,5,0,1,14
"16.med",2010,0,12,62,1,0,14,0,0,0,40,5,5,79
"17.high",2010,0,1,30,1,0,1,0,1,0,16,2,4,32
"18.high",2010,0,2,12,0,0,4,0,0,0,5,0,2,17
"18.med",2010,0,0,4,0,0,0,0,0,0,1,0,0,4
"19.low",2010,0,0,38,0,0,0,0,0,0,20,0,4,41
"19.med",2010,0,10,48,2,0,10,0,0,0,30,0,0,60
"20.high",2010,0,3,98,1,1,9,0,1,1,61,4,16,109
"20.low",2010,0,4,23,1,0,6,0,0,0,12,2,0,29
"20.med",2010,0,10,140,0,1,14,1,1,1,95,8,10,160
"21.low",2010,0,10,117,2,2,14,1,7,2,44,4,9,141
"21.med",2010,0,22,214,0,1,31,1,8,2,121,7,11,263
"22.high",2010,0,0,50,1,1,0,0,0,0,40,0,4,53
"22.low",2010,0,0,7,0,0,0,0,0,0,5,1,0,7
"22.med",2010,0,9,36,0,0,12,0,1,0,24,0,3,51
"23.high",2010,0,1,55,0,0,1,0,0,0,33,0,12,56
"24.high",2010,0,0,29,0,0,0,0,2,0,23,0,2,30
"24.med",2010,0,0,2,0,0,0,0,1,0,1,0,0,3
"25.high",2010,0,6,122,1,0,15,0,1,1,78,7,23,141
"25.med",2010,0,1,12,0,0,1,0,0,0,7,1,2,15
"01.high",2011,0,0,11,0,0,1,0,1,0,7,0,2,12
"01.low",2011,0,2,12,1,0,2,0,0,0,5,1,1,16
"01.med",2011,0,1,9,0,0,2,0,0,0,3,2,1,14
"02.high",2011,0,4,58,0,0,7,2,0,0,31,2,11,69
"02.low",2011,0,1,6,0,0,1,0,0,0,4,0,0,9
"02.med",2011,0,1,45,2,1,3,1,1,0,23,1,6,51
"03.low",2011,0,1,31,0,1,2,0,2,0,12,3,4,38
"03.med",2011,0,0,9,0,0,0,0,1,0,1,0,1,11
"04.high",2011,0,12,146,0,0,14,0,4,3,64,0,34,164
"04.low",2011,0,1,4,0,0,1,0,0,0,2,0,0,5
"04.med",2011,0,0,8,0,0,0,0,0,0,1,0,2,8
"05.low",2011,0,3,29,0,0,3,0,1,0,13,0,1,34
"05.med",2011,0,4,50,1,0,5,0,0,0,29,3,1,59
"06.low",2011,0,5,31,0,0,7,2,0,0,16,4,2,40
"06.med",2011,0,1,52,0,0,2,0,0,0,33,1,3,58
"07.high",2011,0,2,91,0,0,5,0,2,0,45,2,29,98
"08.high",2011,0,0,17,0,0,1,0,0,1,12,1,1,23
"08.low",2011,0,2,35,0,0,5,6,1,1,7,1,4,45
"08.med",2011,0,1,80,0,0,4,6,1,0,32,2,5,89
"09.low",2011,0,2,42,1,0,3,0,1,0,23,0,3,48
"09.med",2011,0,0,16,0,0,1,0,0,0,11,0,3,20
"10.high",2011,0,0,22,0,0,0,0,1,0,15,0,3,23
"10.low",2011,0,3,56,0,0,3,0,0,0,28,2,2,62
"10.med",2011,0,3,29,0,1,5,0,2,0,10,3,3,35
"11.high",2011,0,9,117,2,1,13,0,0,2,75,2,16,130
"12.high",2011,0,6,98,1,0,12,0,2,1,62,3,13,121
"12.low",2011,0,1,5,1,0,1,0,0,0,3,0,0,6
"12.med",2011,0,5,74,0,3,8,0,4,1,36,1,7,84
"13.high",2011,0,4,93,1,1,4,0,2,0,57,1,18,98
"13.low",2011,0,5,43,0,1,5,0,1,1,15,3,4,48
"13.med",2011,0,11,71,0,0,11,0,0,0,35,3,13,84
"14.high",2011,0,3,114,0,0,6,0,1,2,77,1,17,122
"14.low",2011,0,1,4,0,0,2,0,0,0,2,0,1,7
"14.med",2011,0,9,83,1,0,10,0,7,0,43,2,7,94
"15.high",2011,0,31,637,5,7,46,0,8,6,350,33,124,703
"15.low",2011,0,0,1,0,0,0,0,0,0,1,0,0,1
"15.med",2011,0,2,29,0,0,2,0,0,0,12,2,7,33
"16.high",2011,0,2,11,0,0,2,0,1,0,4,1,2,13
"16.low",2011,0,3,12,0,0,3,0,0,0,6,1,1,15
"16.med",2011,0,0,29,0,0,2,0,1,1,16,0,7,31
"17.high",2011,0,0,38,0,0,0,0,0,0,16,1,8,39
"18.high",2011,0,0,21,0,0,0,0,0,0,10,0,6,21
"19.high",2011,0,1,0,0,0,1,0,0,0,0,0,0,2
"19.low",2011,0,1,10,0,0,1,0,1,0,6,0,2,11
"19.med",2011,0,0,26,0,0,1,0,0,0,15,1,1,28
"20.high",2011,0,4,112,0,0,10,2,2,0,72,2,22,127
"20.low",2011,0,9,33,2,1,10,0,0,1,15,0,5,46
"20.med",2011,0,8,139,1,1,16,0,5,2,86,2,9,157
"21.low",2011,0,3,123,1,0,6,0,2,1,62,5,11,136
"21.med",2011,0,11,178,2,1,15,0,6,2,102,3,12,205
"22.high",2011,0,2,69,0,0,2,0,0,2,51,0,8,72
"22.low",2011,0,2,8,0,0,2,0,0,0,8,0,0,10
"22.med",2011,0,8,48,0,0,10,0,0,1,33,0,6,59
"23.high",2011,0,1,45,1,0,2,0,0,0,29,2,9,47
"24.high",2011,0,1,36,0,0,1,0,0,1,27,1,1,38
"24.med",2011,0,0,1,0,0,0,0,0,0,0,0,1,1
"25.high",2011,0,11,107,1,0,17,2,1,2,72,11,12,128
"25.med",2011,0,1,7,0,1,3,0,1,0,2,1,1,10
"01.high",2012,0,0,10,0,0,0,0,0,0,5,1,3,12
"01.low",2012,0,0,4,0,0,1,0,0,0,1,0,0,7
"01.med",2012,0,2,10,0,0,3,0,1,0,5,1,0,13
"02.high",2012,0,4,83,0,0,7,2,2,1,63,2,11,92
"02.low",2012,0,1,8,0,0,2,0,1,0,4,0,1,10
"02.med",2012,0,2,46,1,0,4,0,0,0,28,3,5,51
"03.low",2012,0,2,26,0,1,2,0,1,0,7,0,5,30
"03.med",2012,0,0,19,0,0,0,0,0,0,7,1,7,19
"04.high",2012,0,8,201,0,2,11,0,6,0,119,3,43,216
"04.low",2012,0,0,6,0,0,0,0,0,0,5,0,0,6
"04.med",2012,0,0,15,0,0,2,0,2,0,3,0,3,17
"05.high",2012,0,0,1,0,0,0,0,0,0,0,0,1,1
"05.low",2012,0,2,21,0,1,5,0,0,0,11,1,0,26
"05.med",2012,0,1,42,0,1,3,1,2,0,27,0,3,46
"06.low",2012,0,7,39,0,0,8,2,0,0,24,0,4,47
"06.med",2012,0,1,82,0,1,7,12,2,0,41,2,12,91
"07.high",2012,0,3,99,0,0,4,0,1,1,54,1,35,104
"08.high",2012,0,0,36,0,0,0,0,1,0,21,2,4,45
"08.low",2012,0,3,65,0,0,5,0,4,0,25,1,6,71
"08.med",2012,0,3,82,0,2,7,0,1,1,47,2,4,94
"09.low",2012,0,3,76,1,1,7,0,0,2,41,1,7,85
"09.med",2012,0,1,14,0,0,2,0,1,0,9,0,1,17
"10.high",2012,0,2,16,0,0,3,0,0,0,9,0,5,20
"10.low",2012,0,6,50,0,3,7,0,3,0,21,0,5,57
"10.med",2012,0,2,27,0,0,5,0,1,0,12,1,4,34
"11.high",2012,0,5,143,0,1,7,0,0,2,85,3,33,151
"11.med",2012,0,0,1,0,0,0,0,0,0,1,0,0,1
"12.high",2012,0,2,102,0,1,5,0,1,1,60,0,16,109
"12.low",2012,0,0,9,0,0,0,0,1,0,4,0,0,9
"12.med",2012,0,10,75,0,1,15,0,1,0,41,2,7,95
"13.high",2012,0,3,102,0,1,5,0,0,0,70,1,22,109
"13.low",2012,0,8,32,0,4,8,0,0,0,18,1,1,40
"13.med",2012,0,6,44,0,0,8,0,1,0,23,1,10,53
"14.high",2012,0,4,85,0,1,16,0,0,1,52,0,28,102
"14.low",2012,0,2,5,0,0,2,0,0,0,3,0,1,7
"14.med",2012,0,2,100,1,1,5,0,5,0,49,4,23,107
"15.high",2012,0,27,619,1,14,53,2,7,1,317,13,165,687
"15.low",2012,0,0,1,0,0,0,0,0,0,1,0,0,1
"15.med",2012,0,1,35,0,1,3,0,1,0,20,1,7,42
"16.high",2012,0,0,4,0,0,2,0,0,0,3,0,0,6
"16.low",2012,0,4,21,0,0,7,0,1,0,14,1,2,28
"16.med",2012,0,0,10,0,0,0,0,0,0,6,2,1,12
"17.high",2012,0,2,25,1,0,2,0,0,0,15,2,2,28
"17.med",2012,0,0,1,0,0,0,0,0,0,0,0,0,1
"18.high",2012,0,1,18,0,0,1,0,0,0,8,0,5,19
"18.med",2012,0,0,3,0,0,0,0,0,0,0,0,0,3
"19.high",2012,0,0,1,0,0,0,0,0,0,0,0,1,1
"19.low",2012,0,0,11,0,1,1,0,0,0,6,0,0,13
"19.med",2012,0,1,31,1,0,3,0,0,0,18,0,5,34
"20.high",2012,0,0,102,0,0,7,0,2,1,60,0,29,114
"20.low",2012,0,4,37,1,4,8,0,0,2,12,2,2,47
"20.med",2012,0,8,106,0,1,20,2,0,1,69,5,18,133
"21.low",2012,0,5,106,1,3,9,0,2,1,51,1,7,117
"21.med",2012,0,8,220,3,6,14,1,2,1,142,3,19,243
"22.high",2012,0,0,23,0,0,1,0,0,0,18,0,3,25
"22.low",2012,0,0,4,0,0,0,0,0,0,4,0,0,4
"22.med",2012,0,2,30,0,1,2,0,0,0,19,0,3,32
"23.high",2012,0,2,57,0,1,3,0,0,0,37,0,13,60
"23.low",2012,0,0,4,0,0,0,0,0,0,3,0,1,4
"24.high",2012,0,4,15,0,0,5,0,0,0,11,1,3,20
"24.med",2012,0,0,3,1,0,0,0,0,0,1,0,1,3
"25.high",2012,0,6,87,1,0,11,2,0,0,61,9,7,101
"25.low",2012,0,0,3,0,0,0,0,0,0,1,0,1,3
"25.med",2012,0,2,14,0,0,3,0,1,0,11,0,1,17
"01.high",2013,0,0,9,0,0,0,0,0,0,5,0,3,9
"01.low",2013,0,2,10,0,0,2,0,1,0,3,3,0,12
"01.med",2013,0,1,16,0,0,1,0,0,0,9,2,3,19
"02.high",2013,0,0,86,0,0,4,0,0,0,66,1,10,92
"02.low",2013,0,1,8,0,0,1,0,0,0,4,0,1,10
"02.med",2013,0,3,40,0,0,4,0,0,0,28,3,2,46
"03.low",2013,0,3,18,0,0,3,0,3,0,8,0,1,22
"03.med",2013,0,1,10,0,0,1,0,0,0,6,0,2,12
"04.high",2013,0,6,163,0,0,8,0,0,0,85,2,52,173
"04.low",2013,0,0,3,1,0,0,0,0,0,1,0,0,3
"04.med",2013,0,1,11,0,0,1,0,0,0,6,0,4,12
"05.low",2013,0,3,24,0,0,6,0,0,0,15,0,2,30
"05.med",2013,0,3,29,0,0,6,0,0,0,14,3,4,35
"06.high",2013,0,0,1,1,0,0,0,0,0,0,0,0,1
"06.low",2013,0,7,24,0,1,12,0,0,0,17,1,1,39
"06.med",2013,0,5,95,1,3,9,2,1,0,60,3,12,105
"07.high",2013,0,8,133,0,1,9,0,1,0,69,4,47,144
"08.high",2013,0,4,34,0,0,7,0,0,0,20,1,3,41
"08.low",2013,0,6,53,0,1,9,0,2,0,26,1,3,62
"08.med",2013,0,6,92,0,0,8,0,2,1,42,2,18,108
"09.low",2013,0,8,66,0,0,10,0,0,0,33,1,8,77
"09.med",2013,0,0,18,0,0,1,0,0,0,13,0,1,20
"10.high",2013,0,1,18,0,0,1,0,1,0,8,0,7,22
"10.low",2013,0,4,55,0,0,6,0,0,0,28,1,6,63
"10.med",2013,0,3,21,0,0,4,0,0,0,13,0,3,26
"11.high",2013,0,4,145,0,0,7,0,0,1,90,6,31,154
"12.high",2013,0,5,110,0,0,9,0,0,1,67,2,26,124
"12.low",2013,0,0,10,0,1,0,0,0,0,7,0,2,10
"12.med",2013,0,6,60,0,0,8,0,0,1,30,1,9,69
"13.high",2013,0,0,109,0,1,2,0,0,0,65,3,30,111
"13.low",2013,0,6,29,0,0,7,0,1,0,11,1,7,37
"13.med",2013,0,5,69,1,1,8,0,1,1,29,1,14,81
"14.high",2013,0,1,101,0,1,6,0,0,0,58,0,31,107
"14.low",2013,0,4,7,0,1,6,0,0,0,4,1,1,13
"14.med",2013,0,10,60,0,1,15,1,1,0,36,1,12,78
"15.high",2013,0,37,701,1,6,65,0,6,0,367,22,217,773
"15.med",2013,0,6,47,0,0,7,0,2,0,25,2,7,55
"16.high",2013,0,1,1,0,0,2,0,0,0,0,0,1,3
"16.low",2013,0,2,7,0,0,2,0,0,0,3,0,0,10
"16.med",2013,0,1,11,0,0,4,0,0,0,5,1,1,15
"17.high",2013,0,1,25,0,0,1,0,1,0,10,0,7,27
"18.high",2013,0,0,9,0,0,0,0,0,0,5,0,1,9
"18.med",2013,0,0,1,0,0,0,0,0,0,1,0,0,1
"19.low",2013,0,3,9,0,0,3,0,0,0,6,0,1,12
"19.med",2013,0,1,21,0,0,2,0,0,0,17,0,1,24
"20.high",2013,0,4,79,0,0,8,0,1,1,53,1,18,88
"20.low",2013,0,5,28,0,0,6,0,1,0,12,0,3,35
"20.med",2013,0,10,72,0,0,12,1,0,0,45,5,9,85
"21.low",2013,0,2,103,0,0,2,0,2,0,43,6,12,108
"21.med",2013,0,11,223,0,1,16,0,1,1,130,6,27,249
"22.high",2013,0,2,25,0,1,4,0,0,0,12,3,7,32
"22.low",2013,0,0,4,0,0,0,0,0,0,2,0,0,5
"22.med",2013,0,6,28,0,0,10,0,0,0,15,2,5,39
"23.high",2013,0,2,56,0,0,2,0,0,0,39,0,9,60
"23.low",2013,0,0,1,0,0,0,0,0,0,0,0,1,1
"24.high",2013,0,0,8,0,0,1,0,0,0,5,0,2,9
"24.med",2013,0,0,1,0,0,0,0,0,0,1,0,0,1
"25.high",2013,0,6,96,0,0,9,0,0,0,75,6,5,105
"25.low",2013,0,0,1,0,0,0,0,0,0,0,1,0,1
"25.med",2013,0,2,10,0,0,2,0,0,0,8,0,2,12
"01.high",2014,0,1,5,0,0,1,0,0,0,3,0,1,7
"01.low",2014,0,4,11,0,0,5,0,0,0,6,0,1,16
"01.med",2014,0,1,17,0,0,1,0,0,0,11,0,3,18
"02.high",2014,0,2,76,0,0,3,0,0,0,49,0,19,80
"02.low",2014,0,4,9,0,0,5,0,0,0,7,0,0,15
"02.med",2014,0,1,39,0,0,4,0,0,0,23,0,8,43
"03.low",2014,0,2,23,1,0,2,0,0,0,14,0,5,25
"03.med",2014,0,0,22,0,0,1,0,0,0,12,0,5,23
"04.high",2014,0,12,171,0,0,14,0,0,0,95,1,48,187
"04.low",2014,0,0,3,0,0,0,0,0,0,1,0,0,3
"04.med",2014,0,3,19,0,0,3,0,0,0,12,1,1,22
"05.low",2014,0,1,22,2,0,2,0,0,0,9,0,3,24
"05.med",2014,0,4,27,0,0,5,0,0,0,15,0,4,35
"06.low",2014,0,6,48,0,0,10,0,0,1,32,0,3,60
"06.med",2014,0,9,87,2,0,12,0,0,1,52,0,12,99
"07.high",2014,0,7,130,1,0,9,0,0,0,81,0,39,140
"08.high",2014,0,2,15,0,0,2,0,0,0,8,0,0,18
"08.low",2014,0,5,50,0,0,6,0,0,1,20,0,6,57
"08.med",2014,0,5,66,0,0,7,0,0,0,30,1,3,75
"09.low",2014,0,1,54,0,0,3,0,0,0,33,0,6,60
"09.med",2014,0,0,23,0,0,0,0,0,0,13,0,6,23
"10.high",2014,0,2,18,0,0,3,0,0,0,11,0,4,21
"10.low",2014,0,4,54,0,0,6,0,0,0,29,0,3,62
"10.med",2014,0,1,17,0,0,2,0,0,0,10,0,1,19
"11.high",2014,0,4,104,1,0,4,0,0,0,61,0,30,109
"11.med",2014,0,0,1,0,0,0,0,0,0,0,0,1,1
"12.high",2014,0,8,125,0,0,12,0,0,1,79,2,26,142
"12.low",2014,0,0,7,0,0,0,0,0,0,2,0,2,7
"12.med",2014,0,5,103,0,0,10,0,0,0,56,0,20,117
"13.high",2014,0,6,92,0,0,7,0,0,1,49,1,21,105
"13.low",2014,0,8,36,0,0,9,0,0,0,14,0,4,46
"13.med",2014,0,7,90,0,0,10,0,0,0,50,1,18,101
"14.high",2014,0,6,125,0,0,10,0,0,0,79,0,39,135
"14.low",2014,0,0,4,0,0,1,0,0,0,2,0,1,5
"14.med",2014,0,10,80,0,0,18,0,0,0,39,0,20,101
"15.high",2014,0,45,644,0,0,69,0,0,1,330,2,212,719
"15.med",2014,0,8,33,0,0,10,0,0,0,17,0,9,43
"16.high",2014,0,0,1,0,0,0,0,0,0,0,0,0,2
"16.low",2014,0,3,12,0,0,3,0,0,0,8,0,2,15
"16.med",2014,0,4,4,0,0,4,0,0,0,3,0,0,8
"17.high",2014,0,0,28,0,0,0,0,0,0,21,1,3,29
"18.high",2014,0,0,8,0,0,1,0,0,0,3,0,3,9
"18.med",2014,0,0,1,0,0,0,0,0,0,0,0,0,1
"19.high",2014,0,0,1,0,0,0,0,0,0,1,0,0,1
"19.low",2014,0,3,15,0,0,3,0,0,0,8,0,3,19
"19.med",2014,0,1,39,2,0,1,0,0,0,28,0,1,40
"20.high",2014,0,2,102,0,0,7,0,0,3,71,0,23,110
"20.low",2014,0,4,25,1,0,10,0,0,0,8,0,4,36
"20.med",2014,0,9,67,1,0,10,0,0,0,25,0,16,81
"21.low",2014,0,6,81,0,0,8,0,0,2,34,0,9,93
"21.med",2014,0,13,147,1,0,21,0,0,2,89,0,20,171
"22.high",2014,0,1,21,0,0,3,0,0,0,10,2,4,24
"22.low",2014,0,0,5,0,0,0,0,0,0,1,2,1,5
"22.med",2014,0,5,19,0,0,8,0,0,0,15,0,0,28
"23.high",2014,0,0,38,0,0,0,0,0,0,22,0,9,41
"24.high",2014,0,0,15,0,0,0,0,0,0,8,0,5,15
"25.high",2014,0,2,70,2,0,3,0,0,0,59,1,4,78
"25.low",2014,0,1,0,0,0,1,0,0,0,0,0,0,1
"25.med",2014,0,1,8,1,0,1,0,0,0,6,0,1,9
"01.high",2005,1,6,14,0,0,8,0,0,2,4,0,0,24
"01.low",2005,1,7,18,3,0,9,0,0,0,3,0,2,27
"01.med",2005,1,11,18,0,2,13,0,0,2,2,0,0,37
"02.high",2005,1,4,17,0,1,6,0,0,1,1,4,2,25
"02.low",2005,1,3,8,0,0,3,0,0,0,0,0,3,12
"02.med",2005,1,20,49,3,0,20,0,0,0,3,8,0,72
"03.low",2005,1,17,63,0,2,17,0,1,0,1,2,10,87
"03.med",2005,1,2,7,0,0,2,0,0,1,0,1,0,11
"04.high",2005,1,21,77,0,0,21,0,7,1,0,9,12,104
"04.low",2005,1,2,3,0,0,2,0,0,0,0,0,0,7
"04.med",2005,1,3,10,0,0,3,0,0,0,0,3,1,14
"05.low",2005,1,7,20,1,0,10,0,0,2,1,2,1,32
"05.med",2005,1,14,23,0,0,16,0,0,2,2,0,1,48
"06.high",2005,1,0,0,0,0,0,0,0,0,0,0,0,1
"06.low",2005,1,28,58,3,5,28,0,0,1,3,5,11,101
"06.med",2005,1,42,59,1,1,42,0,4,0,4,4,5,106
"07.high",2005,1,16,17,0,0,17,0,0,0,1,3,5,40
"08.high",2005,1,4,21,0,1,8,0,1,0,1,2,3,31
"08.low",2005,1,19,137,2,0,23,0,4,2,27,11,2,169
"08.med",2005,1,21,99,1,2,22,0,1,0,15,9,9,128
"09.low",2005,1,17,59,1,0,17,0,1,2,4,3,3,83
"09.med",2005,1,3,9,0,0,3,0,0,0,1,1,0,14
"10.high",2005,1,2,5,0,0,2,0,0,0,0,1,2,10
"10.low",2005,1,20,70,7,2,20,0,0,1,0,13,4,105
"10.med",2005,1,12,17,3,0,12,0,2,0,2,1,3,32
"11.high",2005,1,26,37,0,0,31,0,0,1,1,3,3,72
"12.high",2005,1,21,38,0,1,21,0,3,0,7,8,2,67
"12.low",2005,1,2,10,2,0,2,0,0,0,1,1,0,16
"12.med",2005,1,30,69,0,0,31,0,2,1,7,5,4,114
"13.high",2005,1,6,16,1,1,7,0,0,2,2,2,3,24
"13.low",2005,1,8,33,2,1,8,0,0,4,6,6,2,43
"13.med",2005,1,12,37,2,1,12,0,1,0,0,4,4,53
"14.high",2005,1,17,23,0,0,19,0,1,0,1,2,4,44
"14.low",2005,1,3,2,0,0,3,0,0,0,0,1,0,5
"14.med",2005,1,22,51,0,4,25,0,1,1,3,3,5,85
"15.high",2005,1,122,199,0,4,139,0,9,5,15,18,28,368
"15.med",2005,1,4,29,2,1,4,0,1,1,2,3,2,36
"16.high",2005,1,4,5,1,0,4,0,0,0,0,0,1,10
"16.low",2005,1,4,9,0,0,4,0,0,0,0,4,0,17
"16.med",2005,1,2,9,0,0,2,0,0,0,0,3,1,12
"17.high",2005,1,4,17,0,0,6,0,3,0,0,5,0,25
"17.med",2005,1,1,1,0,0,1,0,0,0,0,1,0,2
"18.high",2005,1,4,4,0,0,4,0,0,0,0,0,0,9
"18.med",2005,1,1,4,0,0,1,0,0,1,0,0,0,5
"19.low",2005,1,2,14,0,0,2,0,1,0,0,1,1,20
"19.med",2005,1,11,10,0,0,11,0,1,0,1,0,2,22
"20.high",2005,1,19,22,0,0,20,0,0,1,6,5,0,48
"20.low",2005,1,8,18,0,1,8,0,0,1,3,2,1,29
"20.med",2005,1,31,72,0,0,34,0,1,4,8,18,10,116
"21.low",2005,1,32,186,0,0,32,0,1,9,42,18,8,243
"21.med",2005,1,62,189,0,0,63,0,0,6,10,30,15,279
"22.high",2005,1,5,12,0,0,5,0,1,0,0,3,1,19
"22.low",2005,1,2,1,0,0,2,0,0,0,0,0,1,5
"22.med",2005,1,13,15,0,0,14,0,0,2,0,3,1,34
"23.high",2005,1,2,29,0,0,2,0,2,0,0,2,4,36
"23.med",2005,1,0,1,0,0,0,0,0,0,0,0,0,2
"24.high",2005,1,4,8,0,0,4,0,0,0,0,1,0,14
"25.high",2005,1,58,107,4,0,59,0,0,0,2,46,0,182
"25.med",2005,1,10,10,0,0,10,0,0,0,0,1,0,22
"01.high",2006,1,3,0,0,0,3,0,0,0,0,0,0,3
"01.low",2006,1,0,2,0,0,0,0,0,0,0,0,0,3
"01.med",2006,1,0,0,0,0,0,0,0,0,0,0,0,1
"02.high",2006,1,2,9,0,0,2,0,0,1,2,1,0,14
"02.low",2006,1,5,2,0,0,5,0,0,0,1,0,0,8
"02.med",2006,1,13,23,4,0,13,0,0,1,1,9,2,40
"03.low",2006,1,6,34,0,0,7,0,0,0,3,0,3,44
"03.med",2006,1,6,6,0,0,6,0,1,0,2,0,0,14
"04.high",2006,1,12,67,0,0,12,0,6,0,0,4,7,90
"04.low",2006,1,2,6,0,1,2,0,0,0,0,0,0,8
"04.med",2006,1,0,11,0,0,0,0,1,1,0,2,2,14
"05.low",2006,1,8,28,1,0,8,0,0,0,2,2,1,43
"05.med",2006,1,12,25,3,0,13,0,3,0,1,1,2,45
"06.low",2006,1,32,91,4,3,35,0,4,2,4,18,0,150
"06.med",2006,1,41,59,2,5,42,0,2,0,1,9,1,116
"07.high",2006,1,15,15,0,0,19,0,2,0,0,0,4,36
"08.high",2006,1,4,26,0,0,5,0,2,0,2,0,3,32
"08.low",2006,1,12,94,0,1,14,0,3,1,14,3,4,115
"08.med",2006,1,8,86,4,0,8,0,2,2,2,7,9,100
"09.low",2006,1,18,52,2,0,18,0,2,3,3,2,3,80
"09.med",2006,1,5,12,0,0,5,0,1,0,0,0,0,18
"10.high",2006,1,2,3,0,0,2,0,1,0,0,1,0,5
"10.low",2006,1,25,75,7,1,25,0,0,0,3,8,4,109
"10.med",2006,1,4,17,1,0,4,0,0,0,0,4,2,27
"11.high",2006,1,27,51,0,0,32,0,0,2,5,4,11,89
"12.high",2006,1,16,47,2,0,18,0,4,0,5,7,1,70
"12.low",2006,1,5,11,1,0,5,0,1,0,0,1,1,16
"12.med",2006,1,35,71,0,0,36,0,4,1,7,10,3,118
"13.high",2006,1,3,10,0,0,3,0,0,1,0,1,1,15
"13.low",2006,1,16,40,1,0,16,0,1,4,7,2,2,56
"13.med",2006,1,11,37,0,0,11,0,2,1,3,5,8,52
"14.high",2006,1,11,19,0,1,11,0,2,0,2,1,4,31
"14.low",2006,1,4,1,0,0,5,0,0,0,0,0,0,6
"14.med",2006,1,17,41,0,1,21,0,2,0,2,7,6,69
"15.high",2006,1,97,187,2,2,113,1,8,2,12,16,52,330
"15.med",2006,1,3,8,1,0,3,0,1,0,1,0,0,11
"16.high",2006,1,0,1,0,0,0,0,0,0,0,1,0,1
"16.low",2006,1,1,1,0,0,1,0,0,0,0,0,0,3
"16.med",2006,1,2,3,0,0,2,0,0,0,0,1,1,5
"17.high",2006,1,0,3,0,0,1,0,0,0,1,1,1,4
"18.high",2006,1,1,7,0,0,1,0,0,0,0,1,1,10
"18.med",2006,1,0,0,0,0,0,0,0,0,0,0,0,1
"19.low",2006,1,4,8,0,0,4,0,0,0,1,1,1,12
"19.med",2006,1,11,14,0,1,12,0,0,0,1,1,0,26
"20.high",2006,1,17,27,0,1,18,0,1,1,0,2,8,47
"20.low",2006,1,5,19,0,0,5,0,0,0,4,5,3,25
"20.med",2006,1,38,77,1,0,42,0,5,1,9,18,4,125
"21.low",2006,1,26,169,3,4,27,0,0,11,18,18,10,218
"21.med",2006,1,57,147,1,1,58,0,1,7,6,19,9,224
"22.high",2006,1,4,10,0,0,4,0,0,0,0,2,1,17
"22.low",2006,1,3,4,0,0,3,0,0,1,0,2,1,7
"22.med",2006,1,10,23,1,0,11,0,1,2,0,3,4,38
"23.high",2006,1,4,15,0,0,6,1,0,0,0,0,3,22
"23.low",2006,1,1,2,0,0,1,0,0,1,0,0,0,3
"23.med",2006,1,1,0,0,0,1,0,0,0,0,0,0,1
"24.high",2006,1,9,15,0,0,9,0,0,0,0,1,2,25
"24.med",2006,1,0,3,0,0,0,0,0,0,0,1,0,3
"25.high",2006,1,30,47,0,0,30,0,3,3,0,14,2,83
"25.low",2006,1,0,1,0,0,0,0,0,0,0,0,0,1
"25.med",2006,1,9,10,1,0,9,0,0,0,0,5,0,21
"01.high",2007,1,2,6,0,0,2,0,1,0,1,2,0,10
"01.low",2007,1,5,3,0,0,5,0,0,0,0,1,0,11
"01.med",2007,1,1,2,0,0,1,0,0,0,0,0,0,6
"02.high",2007,1,12,26,1,1,13,0,0,0,1,5,2,47
"02.low",2007,1,1,3,0,0,1,0,0,0,0,1,1,4
"02.med",2007,1,8,21,1,0,8,0,0,0,0,5,4,32
"03.low",2007,1,7,32,0,0,8,0,3,1,2,2,6,46
"03.med",2007,1,1,4,0,0,1,0,0,0,0,0,0,7
"04.high",2007,1,31,63,0,0,33,0,4,2,0,7,9,99
"04.low",2007,1,4,2,0,1,4,0,0,0,0,1,0,7
"04.med",2007,1,4,13,0,0,4,0,0,0,1,2,1,19
"05.low",2007,1,3,22,0,0,4,0,1,0,4,1,0,29
"05.med",2007,1,7,44,0,0,8,0,1,2,6,3,1,55
"06.low",2007,1,4,8,0,0,4,0,0,0,0,2,1,12
"06.med",2007,1,3,8,0,0,3,0,0,0,1,0,3,13
"07.high",2007,1,17,18,0,0,19,0,1,0,0,1,6,42
"08.high",2007,1,6,14,0,0,8,0,0,0,1,0,2,24
"08.low",2007,1,11,66,1,0,11,0,0,3,6,2,5,85
"08.med",2007,1,4,66,0,0,6,0,1,0,5,1,2,81
"09.low",2007,1,18,44,1,0,19,0,1,0,0,4,6,70
"09.med",2007,1,2,10,0,0,2,0,0,0,0,2,0,12
"10.high",2007,1,2,3,0,0,3,0,1,0,0,0,1,7
"10.low",2007,1,17,58,5,1,17,0,3,2,1,6,4,91
"10.med",2007,1,8,15,0,2,8,0,1,0,1,3,2,27
"11.high",2007,1,22,53,1,0,22,0,1,0,1,3,10,77
"11.med",2007,1,1,0,0,0,1,0,0,0,0,0,0,1
"12.high",2007,1,24,37,1,2,27,0,2,0,1,4,3,69
"12.low",2007,1,2,17,0,2,2,0,0,1,2,0,0,22
"12.med",2007,1,22,48,1,1,24,0,0,0,2,8,1,79
"13.high",2007,1,7,29,1,0,7,1,1,0,1,6,10,38
"13.low",2007,1,6,29,0,1,6,0,2,3,2,8,2,37
"13.med",2007,1,12,26,0,1,13,0,1,0,0,6,6,44
"14.high",2007,1,12,25,0,0,14,0,2,1,1,1,3,42
"14.low",2007,1,2,9,0,0,2,0,0,0,0,3,0,12
"14.med",2007,1,26,44,0,2,27,0,1,1,2,4,4,82
"15.high",2007,1,118,177,0,0,124,0,2,2,11,23,48,325
"15.med",2007,1,5,14,0,1,5,0,0,0,0,3,3,21
"16.high",2007,1,4,3,0,0,4,0,0,0,0,0,0,7
"16.low",2007,1,5,27,2,0,5,0,0,0,3,10,0,32
"16.med",2007,1,17,26,0,0,18,0,1,0,0,3,1,44
"17.high",2007,1,5,14,1,0,6,0,1,0,2,5,0,21
"18.high",2007,1,5,6,0,0,5,0,0,1,0,0,2,12
"18.med",2007,1,0,2,0,0,0,0,0,0,0,0,0,2
"19.high",2007,1,0,0,0,0,0,0,0,0,0,0,0,1
"19.low",2007,1,2,11,0,2,2,0,1,0,0,0,2,17
"19.med",2007,1,10,9,0,0,10,0,0,0,1,2,0,24
"20.high",2007,1,22,35,0,1,22,0,2,1,3,5,5,63
"20.low",2007,1,6,18,0,2,6,0,0,0,4,5,0,28
"20.med",2007,1,29,61,0,1,30,0,0,3,8,14,2,99
"21.low",2007,1,29,164,4,2,33,0,4,3,18,27,5,216
"21.med",2007,1,61,173,1,1,64,0,3,6,8,43,6,266
"22.high",2007,1,5,10,0,0,5,0,0,1,0,3,2,18
"22.low",2007,1,1,3,1,0,1,0,0,0,0,0,0,4
"22.med",2007,1,11,17,1,0,11,0,1,1,0,3,0,31
"23.high",2007,1,7,18,0,0,7,0,0,0,3,0,6,28
"24.high",2007,1,6,9,0,0,6,0,1,0,0,2,2,15
"25.high",2007,1,53,104,0,2,55,0,2,4,4,32,8,167
"25.med",2007,1,18,14,0,0,18,0,0,0,0,4,0,32
"01.high",2008,1,2,2,0,0,2,0,0,0,0,1,0,4
"01.low",2008,1,0,7,0,0,0,0,0,0,1,3,0,8
"01.med",2008,1,0,1,0,0,1,0,0,0,0,0,0,2
"02.high",2008,1,9,18,1,0,11,0,0,0,4,2,2,29
"02.low",2008,1,1,3,0,0,1,0,0,0,2,1,0,4
"02.med",2008,1,4,19,2,0,5,1,0,0,1,0,2,25
"03.low",2008,1,8,22,2,0,10,0,0,0,1,3,2,34
"03.med",2008,1,3,6,0,0,3,0,0,0,1,2,0,10
"04.high",2008,1,23,87,1,2,26,10,1,1,2,8,10,115
"04.low",2008,1,1,5,0,0,1,0,0,0,0,0,0,6
"04.med",2008,1,4,10,0,0,4,2,0,0,0,1,0,15
"05.low",2008,1,6,20,0,0,8,1,0,0,1,3,2,30
"05.med",2008,1,8,28,0,0,10,1,1,0,4,1,0,38
"06.low",2008,1,18,23,2,0,19,1,0,0,1,0,2,49
"06.med",2008,1,10,30,1,1,10,0,0,0,0,3,0,46
"07.high",2008,1,9,26,0,0,13,1,0,0,2,3,10,40
"08.high",2008,1,5,18,0,0,7,2,0,0,1,2,3,25
"08.low",2008,1,7,96,0,1,8,9,0,0,4,8,5,112
"08.med",2008,1,6,69,1,0,11,4,1,1,3,7,4,80
"09.low",2008,1,12,35,1,0,13,1,1,1,0,3,5,51
"09.med",2008,1,8,5,0,0,8,0,0,0,0,1,0,14
"10.high",2008,1,0,2,0,0,1,0,0,0,0,1,0,4
"10.low",2008,1,15,55,2,0,15,1,0,0,1,11,6,79
"10.med",2008,1,1,14,1,0,1,0,0,0,0,3,4,16
"11.high",2008,1,19,34,1,0,26,2,0,0,1,4,9,63
"12.high",2008,1,16,35,0,0,17,1,1,0,0,7,3,57
"12.low",2008,1,1,11,1,0,1,0,0,0,0,0,0,12
"12.med",2008,1,23,64,1,1,27,4,2,0,0,4,5,96
"13.high",2008,1,11,24,2,0,11,0,1,0,0,2,12,38
"13.low",2008,1,9,25,1,3,9,1,1,1,2,1,4,35
"13.med",2008,1,17,35,5,0,17,1,0,1,2,6,7,56
"14.high",2008,1,8,15,0,0,13,0,0,1,0,3,3,30
"14.low",2008,1,1,3,0,1,1,0,0,0,0,0,0,6
"14.med",2008,1,21,30,4,0,23,2,0,1,0,7,5,66
"15.high",2008,1,98,181,0,1,124,12,8,3,9,44,40,323
"15.med",2008,1,6,27,2,0,10,1,0,1,2,7,6,38
"16.high",2008,1,0,3,0,0,0,0,0,1,0,0,0,4
"16.low",2008,1,4,19,2,0,5,1,1,0,1,5,0,25
"16.med",2008,1,10,19,1,1,13,0,1,0,1,4,3,34
"17.high",2008,1,4,15,1,0,4,1,1,0,5,1,1,19
"18.high",2008,1,2,11,0,1,2,0,0,0,0,2,1,14
"19.high",2008,1,1,0,0,0,1,0,0,0,0,0,0,1
"19.low",2008,1,1,6,2,0,1,0,0,0,0,0,0,10
"19.med",2008,1,3,17,0,1,3,2,0,0,0,1,1,22
"20.high",2008,1,18,26,1,1,22,1,0,0,3,4,6,50
"20.low",2008,1,2,16,0,1,3,0,0,1,1,7,1,21
"20.med",2008,1,29,58,3,1,38,4,1,2,3,6,7,101
"21.low",2008,1,27,150,4,0,28,12,0,1,17,18,7,189
"21.med",2008,1,47,164,4,0,51,13,2,2,16,26,8,229
"22.high",2008,1,4,10,0,0,4,1,0,0,0,2,1,15
"22.low",2008,1,1,3,0,0,1,1,0,1,0,0,0,5
"22.med",2008,1,4,25,2,2,6,2,0,0,1,5,1,33
"23.high",2008,1,2,13,0,0,4,0,0,0,3,0,6,19
"24.high",2008,1,7,11,0,1,7,1,0,1,0,1,3,18
"24.med",2008,1,0,3,0,0,0,0,0,0,0,1,0,3
"25.high",2008,1,30,48,3,0,34,0,1,0,1,21,1,86
"25.med",2008,1,6,10,0,1,6,0,0,0,0,2,0,16
"01.high",2009,1,0,1,0,0,1,0,0,0,0,0,0,2
"01.low",2009,1,0,1,0,0,0,0,0,0,0,0,0,1
"01.med",2009,1,1,4,0,0,1,1,0,0,0,0,1,5
"02.high",2009,1,4,12,0,0,4,3,0,1,0,1,1,19
"02.low",2009,1,1,5,1,0,1,0,0,0,0,0,0,6
"02.med",2009,1,13,16,2,0,14,1,0,0,0,1,0,33
"03.low",2009,1,4,25,2,0,6,0,1,0,0,0,3,31
"03.med",2009,1,2,10,0,0,2,0,1,0,0,1,0,17
"04.high",2009,1,29,70,1,0,31,0,9,1,0,1,6,109
"04.low",2009,1,0,2,0,0,0,0,0,0,0,0,0,2
"04.med",2009,1,3,7,0,0,3,0,0,1,0,0,0,13
"05.low",2009,1,6,24,0,0,7,1,0,0,0,1,1,34
"05.med",2009,1,4,18,0,1,4,3,1,0,0,1,2,28
"06.low",2009,1,13,29,3,1,13,1,1,0,0,4,3,47
"06.med",2009,1,13,36,0,1,14,2,2,0,0,5,1,54
"07.high",2009,1,14,42,1,0,21,0,4,0,0,4,8,68
"08.high",2009,1,5,13,1,0,8,0,2,1,0,0,1,24
"08.low",2009,1,7,60,0,0,8,1,2,1,0,9,3,76
"08.med",2009,1,12,52,0,0,16,0,5,1,0,3,6,75
"09.low",2009,1,11,36,1,0,11,0,0,0,0,1,2,54
"09.med",2009,1,4,12,0,0,4,0,0,0,0,0,2,17
"10.high",2009,1,5,4,0,0,5,0,0,0,0,3,0,10
"10.low",2009,1,20,38,3,2,20,0,0,3,0,6,3,64
"10.med",2009,1,10,15,1,0,10,0,0,0,0,2,1,30
"11.high",2009,1,15,35,1,0,19,0,0,0,0,5,6,60
"12.high",2009,1,12,37,2,1,17,0,2,2,0,5,0,63
"12.low",2009,1,3,9,0,0,3,0,1,1,0,0,1,15
"12.med",2009,1,23,60,2,1,26,0,5,1,0,5,4,94
"13.high",2009,1,8,18,0,1,8,0,2,0,0,0,2,29
"13.low",2009,1,3,14,0,1,3,1,0,0,0,3,2,19
"13.med",2009,1,6,29,2,0,6,0,2,0,0,4,3,41
"14.high",2009,1,8,16,1,0,11,0,2,1,0,0,3,29
"14.low",2009,1,5,1,0,0,5,0,0,0,0,1,0,6
"14.med",2009,1,22,27,0,1,26,1,5,0,0,2,2,60
"15.high",2009,1,85,182,6,1,100,8,15,4,1,44,28,320
"15.med",2009,1,10,23,0,0,13,2,0,0,0,4,4,42
"16.high",2009,1,6,8,1,0,7,0,0,0,0,4,2,17
"16.low",2009,1,7,34,1,0,8,0,0,0,0,22,0,44
"16.med",2009,1,31,35,8,0,31,0,1,0,0,9,4,72
"17.high",2009,1,6,19,3,0,6,0,1,0,0,3,0,25
"18.high",2009,1,3,9,0,0,3,0,0,0,0,0,3,14
"18.med",2009,1,0,5,0,0,0,0,0,0,0,0,1,5
"19.high",2009,1,2,0,0,0,2,0,0,0,0,0,0,2
"19.low",2009,1,6,9,0,0,6,0,2,0,0,0,0,18
"19.med",2009,1,22,17,0,0,23,0,0,0,0,2,0,45
"20.high",2009,1,12,20,3,1,15,0,0,0,0,4,4,39
"20.low",2009,1,10,17,1,0,12,0,0,1,0,4,4,31
"20.med",2009,1,28,55,4,1,33,1,4,1,0,9,5,97
"21.low",2009,1,13,104,3,2,14,2,4,4,0,14,3,146
"21.med",2009,1,61,108,3,2,66,6,5,4,0,27,6,215
"22.high",2009,1,3,8,2,0,5,0,1,0,0,2,0,16
"22.low",2009,1,3,3,0,0,3,0,0,0,0,0,0,9
"22.med",2009,1,16,23,1,0,19,1,0,2,0,3,1,47
"23.high",2009,1,2,15,1,0,2,0,0,2,0,0,0,17
"23.low",2009,1,0,1,0,0,0,0,0,0,0,1,0,1
"23.med",2009,1,0,2,0,0,0,0,0,1,0,1,0,2
"24.high",2009,1,2,8,0,0,3,0,1,0,0,3,2,11
"24.med",2009,1,0,1,0,0,0,0,0,0,0,0,0,1
"25.high",2009,1,34,67,10,0,42,0,0,1,0,30,1,111
"25.low",2009,1,1,0,0,0,1,0,0,0,0,0,0,1
"25.med",2009,1,6,7,1,0,8,0,0,0,0,2,0,15
"01.high",2010,1,0,2,1,0,0,0,0,0,0,0,0,2
"01.low",2010,1,0,2,0,0,3,0,0,0,0,0,0,5
"01.med",2010,1,1,0,0,0,1,0,0,0,0,0,0,1
"02.high",2010,1,3,21,0,1,6,0,1,0,3,4,5,32
"02.low",2010,1,2,3,0,0,2,0,0,0,1,1,0,7
"02.med",2010,1,3,14,1,0,6,1,0,1,0,1,1,24
"03.low",2010,1,5,22,0,0,6,1,0,0,0,1,3,33
"03.med",2010,1,1,6,0,0,1,0,1,0,0,0,0,7
"04.high",2010,1,11,53,0,1,16,0,8,2,2,3,7,73
"04.low",2010,1,2,1,0,0,2,0,0,0,0,0,0,3
"04.med",2010,1,0,6,0,0,0,0,0,0,0,0,1,7
"05.low",2010,1,8,22,2,0,8,0,0,0,0,5,3,31
"05.med",2010,1,5,20,0,0,7,1,1,0,2,0,3,32
"06.low",2010,1,13,25,2,0,13,0,2,2,1,4,0,39
"06.med",2010,1,15,28,2,2,17,1,1,0,1,5,2,48
"07.high",2010,1,18,22,0,0,23,0,2,0,0,3,7,46
"08.high",2010,1,3,13,1,0,4,0,2,0,0,0,0,19
"08.low",2010,1,6,52,0,0,8,5,4,0,1,3,2,65
"08.med",2010,1,11,50,2,0,17,2,7,0,1,3,2,72
"09.low",2010,1,8,32,0,0,9,0,0,2,0,2,3,43
"09.med",2010,1,0,11,1,0,2,0,0,0,1,1,2,13
"10.high",2010,1,1,9,0,0,2,0,0,0,0,1,1,12
"10.low",2010,1,5,35,3,1,5,0,2,1,0,2,2,44
"10.med",2010,1,4,26,1,1,4,0,5,2,0,3,0,31
"11.high",2010,1,12,42,2,0,13,0,2,2,0,4,6,58
"12.high",2010,1,7,36,1,1,10,0,5,0,0,4,4,55
"12.low",2010,1,1,10,0,0,1,0,1,3,0,1,1,12
"12.med",2010,1,14,50,2,2,20,1,5,1,0,3,4,74
"13.high",2010,1,12,43,2,1,13,0,0,0,2,11,10,60
"13.low",2010,1,14,15,0,2,14,0,0,1,0,1,1,32
"13.med",2010,1,12,37,2,0,13,0,2,2,1,8,9,52
"14.high",2010,1,9,15,1,1,14,0,1,0,0,2,2,30
"14.low",2010,1,1,1,0,0,1,0,0,0,0,0,0,2
"14.med",2010,1,17,42,1,3,26,0,4,1,0,3,5,72
"15.high",2010,1,74,229,9,13,106,2,22,3,11,42,43,347
"15.med",2010,1,8,22,0,0,11,0,0,0,0,5,4,39
"16.high",2010,1,6,9,1,0,11,0,0,0,0,2,2,24
"16.low",2010,1,10,12,3,0,11,0,0,0,0,4,0,23
"16.med",2010,1,22,26,4,0,27,0,1,6,0,1,2,55
"17.high",2010,1,5,17,2,0,6,0,0,0,4,4,0,24
"18.high",2010,1,2,10,0,0,3,0,2,0,0,0,3,15
"18.med",2010,1,0,3,0,0,0,0,0,0,0,0,1,3
"19.low",2010,1,8,28,2,7,8,0,2,0,2,0,2,41
"19.med",2010,1,8,24,0,0,8,0,0,0,0,3,1,38
"20.high",2010,1,13,27,0,1,21,0,4,1,1,5,4,53
"20.low",2010,1,9,13,1,0,9,1,0,0,1,3,2,24
"20.med",2010,1,23,70,1,4,36,0,3,2,6,9,8,110
"21.low",2010,1,13,99,1,1,15,0,7,4,2,7,2,136
"21.med",2010,1,44,133,4,3,52,3,6,3,1,20,6,215
"22.high",2010,1,3,9,0,0,4,0,0,0,0,2,1,16
"22.low",2010,1,3,5,0,0,5,0,0,0,0,0,0,10
"22.med",2010,1,13,24,0,0,17,0,0,1,0,4,2,49
"23.high",2010,1,4,13,0,0,7,0,0,1,1,0,4,21
"23.med",2010,1,0,1,0,0,0,0,0,0,0,1,0,1
"24.high",2010,1,6,7,1,0,6,0,0,0,0,0,1,14
"24.med",2010,1,2,0,0,0,2,0,0,0,0,0,0,2
"25.high",2010,1,31,53,6,0,38,0,2,0,0,22,3,96
"25.med",2010,1,4,14,1,0,8,0,1,1,0,6,1,25
"01.high",2011,1,0,3,1,0,0,0,0,0,0,0,0,3
"01.low",2011,1,1,4,0,0,1,0,0,0,0,1,0,5
"01.med",2011,1,1,1,0,0,2,0,0,0,0,0,0,3
"02.high",2011,1,7,23,2,0,9,0,0,0,2,1,4,32
"02.low",2011,1,2,1,0,0,2,0,0,0,0,0,0,4
"02.med",2011,1,6,24,0,0,7,1,0,0,3,2,3,33
"03.low",2011,1,3,24,0,2,3,2,2,0,1,2,3,27
"03.med",2011,1,1,9,2,0,1,1,0,0,1,0,2,11
"04.high",2011,1,12,50,0,2,22,0,4,0,2,3,7,79
"04.low",2011,1,1,0,0,0,1,0,0,0,0,0,0,1
"04.med",2011,1,1,2,0,0,1,0,1,0,0,0,1,4
"05.low",2011,1,4,18,1,0,7,0,0,0,4,1,0,26
"05.med",2011,1,7,23,0,1,8,4,0,0,5,1,4,34
"06.low",2011,1,8,16,0,0,8,1,0,0,2,3,2,27
"06.med",2011,1,7,32,0,1,8,0,0,1,6,0,5,44
"07.high",2011,1,10,20,0,0,12,0,0,1,1,1,4,33
"08.high",2011,1,0,8,0,0,0,1,1,0,1,0,0,12
"08.low",2011,1,2,28,0,0,7,2,1,0,3,2,0,39
"08.med",2011,1,6,53,1,0,8,7,5,1,4,2,4,67
"09.low",2011,1,5,29,1,0,8,0,1,0,4,0,3,44
"09.med",2011,1,1,11,0,0,2,0,0,1,3,0,1,13
"10.high",2011,1,1,6,0,0,1,0,1,0,0,0,1,7
"10.low",2011,1,10,32,3,0,12,1,0,0,0,1,5,48
"10.med",2011,1,4,11,0,1,5,0,0,0,0,0,3,17
"11.high",2011,1,11,34,1,0,20,0,2,2,1,3,10,59
"11.med",2011,1,0,1,0,0,0,0,0,0,0,0,0,1
"12.high",2011,1,9,13,0,0,16,0,0,1,1,2,1,36
"12.low",2011,1,2,5,0,1,2,0,0,0,0,0,0,7
"12.med",2011,1,7,41,3,0,11,0,2,1,0,3,6,61
"13.high",2011,1,7,28,1,0,8,0,1,0,2,5,5,41
"13.low",2011,1,8,22,2,2,8,0,0,1,0,6,1,30
"13.med",2011,1,11,33,0,1,11,0,1,2,5,4,6,47
"14.high",2011,1,4,18,0,0,6,0,1,0,2,3,5,27
"14.low",2011,1,0,6,0,0,0,0,0,2,0,0,1,6
"14.med",2011,1,11,36,2,0,18,0,3,1,1,4,6,58
"15.high",2011,1,61,178,2,4,92,1,13,4,12,28,35,281
"15.low",2011,1,0,2,0,0,0,0,0,0,0,0,0,2
"15.med",2011,1,12,17,0,0,17,0,1,0,3,3,3,38
"16.high",2011,1,4,2,0,0,5,0,0,0,1,0,0,8
"16.low",2011,1,2,9,0,0,3,0,0,0,1,2,0,13
"16.med",2011,1,10,7,0,0,12,0,0,0,1,1,3,20
"17.high",2011,1,2,15,0,0,2,0,1,0,7,1,2,17
"17.med",2011,1,0,1,0,0,0,0,0,0,0,0,0,1
"18.high",2011,1,1,7,0,0,4,0,0,0,0,0,1,11
"18.med",2011,1,0,1,0,0,1,0,0,0,0,0,1,2
"19.low",2011,1,2,5,0,0,2,0,0,0,0,1,0,10
"19.med",2011,1,2,18,1,0,4,0,0,0,1,1,1,25
"20.high",2011,1,5,18,0,0,13,0,2,0,2,3,2,40
"20.low",2011,1,6,18,0,0,6,0,0,1,3,3,0,26
"20.med",2011,1,21,52,3,1,37,1,0,4,6,5,4,92
"21.low",2011,1,20,74,3,0,21,4,2,0,2,4,4,104
"21.med",2011,1,36,101,3,0,41,1,3,3,6,13,6,151
"22.high",2011,1,6,10,0,0,10,0,0,0,1,0,3,23
"22.low",2011,1,0,6,1,0,1,0,0,0,0,0,0,7
"22.med",2011,1,8,15,0,0,10,1,0,0,1,5,0,26
"23.high",2011,1,1,12,0,0,4,0,0,0,3,1,4,16
"23.low",2011,1,1,0,0,0,1,0,0,0,0,0,0,1
"23.med",2011,1,0,0,0,0,1,0,0,0,0,0,0,2
"24.high",2011,1,3,5,0,0,3,0,1,0,0,2,1,9
"24.med",2011,1,1,2,0,0,1,0,0,0,0,0,0,3
"25.high",2011,1,11,40,7,0,17,0,1,1,0,17,3,57
"25.med",2011,1,1,5,1,0,4,0,0,0,0,1,1,9
"01.high",2012,1,1,2,0,0,2,0,0,0,0,0,0,4
"01.low",2012,1,1,2,0,0,1,0,0,0,0,0,0,3
"01.med",2012,1,0,7,0,1,1,0,0,0,0,1,2,11
"02.high",2012,1,3,17,0,0,6,0,0,1,0,0,6,24
"02.low",2012,1,0,1,1,0,1,0,0,0,0,0,0,2
"02.med",2012,1,2,18,0,3,3,3,0,1,0,0,2,23
"03.low",2012,1,0,17,0,0,0,0,2,1,0,0,2,21
"03.med",2012,1,2,3,0,0,3,0,1,0,0,0,0,7
"04.high",2012,1,11,58,0,1,22,0,5,1,0,6,10,87
"04.low",2012,1,0,3,0,0,0,0,0,0,0,0,0,3
"04.med",2012,1,3,4,0,0,3,0,0,0,0,0,0,7
"05.low",2012,1,5,18,0,0,5,0,1,0,0,3,1,24
"05.med",2012,1,3,21,0,0,4,0,1,0,1,3,5,29
"06.high",2012,1,0,1,0,0,0,0,0,0,0,1,0,1
"06.low",2012,1,8,26,0,2,8,1,1,0,0,2,3,36
"06.med",2012,1,10,29,0,0,12,1,1,0,0,5,5,44
"07.high",2012,1,17,22,0,0,23,0,1,0,0,4,9,47
"08.high",2012,1,2,5,1,0,3,0,1,0,0,0,0,11
"08.low",2012,1,9,31,0,3,9,0,4,1,0,0,2,51
"08.med",2012,1,9,43,1,2,15,1,1,0,0,6,3,64
"09.low",2012,1,5,34,0,0,8,0,0,0,0,1,7,45
"09.med",2012,1,2,6,0,0,2,0,0,0,0,0,2,10
"10.high",2012,1,2,3,1,0,2,0,0,0,0,0,1,5
"10.low",2012,1,8,28,0,0,10,0,1,1,0,0,4,42
"10.med",2012,1,3,12,1,0,3,0,0,1,0,2,1,17
"11.high",2012,1,16,28,3,0,27,0,0,0,0,2,7,61
"12.high",2012,1,7,25,2,0,8,0,0,1,0,1,6,36
"12.low",2012,1,0,6,0,1,0,0,1,0,0,1,0,9
"12.med",2012,1,14,35,0,1,16,0,0,0,0,2,8,58
"13.high",2012,1,11,27,0,0,13,0,3,3,0,5,10,43
"13.low",2012,1,8,28,1,2,9,0,0,0,0,1,8,38
"13.med",2012,1,9,43,0,0,15,0,2,0,0,6,14,64
"14.high",2012,1,4,15,1,0,9,0,1,0,0,0,7,24
"14.low",2012,1,5,4,0,0,5,0,1,0,0,0,0,10
"14.med",2012,1,22,31,1,0,29,0,1,3,0,2,7,60
"15.high",2012,1,63,174,0,9,94,2,13,1,3,22,57,281
"15.med",2012,1,10,13,1,0,11,0,0,0,0,3,1,28
"16.high",2012,1,1,1,0,0,2,0,0,0,0,0,0,3
"16.low",2012,1,11,11,0,0,13,0,0,0,0,2,1,26
"16.med",2012,1,2,6,0,0,2,0,0,0,0,1,2,8
"17.high",2012,1,3,12,0,0,3,0,1,0,0,5,1,19
"17.med",2012,1,0,1,0,0,0,0,0,0,0,0,0,1
"18.high",2012,1,1,3,0,0,3,0,0,0,0,1,0,7
"18.med",2012,1,0,1,0,0,0,0,1,0,0,0,0,1
"19.low",2012,1,4,6,0,0,4,0,0,0,0,0,1,10
"19.med",2012,1,3,13,0,0,3,0,1,0,0,0,2,22
"20.high",2012,1,10,16,0,2,14,0,1,2,0,4,3,33
"20.low",2012,1,6,13,0,0,9,0,0,1,0,2,2,22
"20.med",2012,1,28,41,4,1,36,0,1,2,0,5,13,84
"21.low",2012,1,8,89,2,1,8,0,3,4,0,5,5,108
"21.med",2012,1,33,117,5,2,38,1,4,7,1,10,7,175
"22.high",2012,1,2,8,0,0,2,0,1,0,0,2,0,11
"22.low",2012,1,1,4,0,0,1,0,0,0,0,0,1,5
"22.med",2012,1,8,10,0,0,9,0,0,0,0,0,3,21
"23.high",2012,1,3,9,0,0,4,0,0,0,0,1,3,14
"23.low",2012,1,0,2,0,0,0,0,0,0,0,1,1,2
"24.high",2012,1,0,6,0,0,0,0,0,0,0,3,1,7
"25.high",2012,1,24,30,1,0,26,0,1,0,0,12,8,57
"25.low",2012,1,2,1,0,0,2,0,0,0,0,0,0,3
"25.med",2012,1,0,9,1,0,1,0,0,2,0,3,0,10
"01.high",2013,1,0,2,0,0,1,0,0,0,0,0,0,3
"01.low",2013,1,0,6,0,0,0,0,0,0,0,3,2,8
"01.med",2013,1,4,9,0,0,5,0,0,1,0,3,1,14
"02.high",2013,1,2,11,0,0,4,0,0,0,0,1,2,17
"02.low",2013,1,1,3,0,1,1,0,0,0,0,1,1,4
"02.med",2013,1,4,19,0,0,4,0,0,0,0,5,3,24
"03.low",2013,1,1,11,0,0,1,0,2,0,0,1,1,13
"03.med",2013,1,0,5,1,0,0,0,0,0,1,1,0,8
"04.high",2013,1,23,45,2,0,26,0,3,1,0,3,10,73
"04.low",2013,1,0,4,0,0,0,0,0,0,0,0,1,5
"04.med",2013,1,5,10,1,0,5,0,0,2,0,0,0,16
"05.low",2013,1,3,14,1,0,3,0,0,0,0,2,3,17
"05.med",2013,1,6,18,0,0,7,0,0,0,0,3,2,26
"06.low",2013,1,10,22,1,0,11,0,0,0,0,10,1,35
"06.med",2013,1,15,23,0,0,15,0,3,1,0,5,4,43
"07.high",2013,1,13,28,0,0,19,0,0,0,1,10,9,51
"08.high",2013,1,4,7,0,0,5,0,0,0,0,0,1,12
"08.low",2013,1,11,38,0,0,11,0,0,0,0,1,2,53
"08.med",2013,1,11,45,3,0,14,0,0,1,1,2,4,66
"09.high",2013,1,1,0,0,0,1,0,0,0,0,0,0,1
"09.low",2013,1,7,33,0,0,10,0,2,0,1,2,3,45
"09.med",2013,1,0,9,0,0,2,0,0,0,0,0,2,11
"10.high",2013,1,1,2,0,0,1,0,0,0,0,0,0,4
"10.low",2013,1,7,29,2,0,8,0,1,0,0,1,8,38
"10.med",2013,1,2,7,0,0,3,0,0,0,0,1,1,11
"11.high",2013,1,17,34,0,1,24,0,1,2,2,2,11,62
"11.med",2013,1,0,1,0,0,0,0,0,0,0,0,0,1
"12.high",2013,1,4,27,1,0,9,0,1,0,0,2,5,40
"12.low",2013,1,5,6,0,0,6,0,1,0,0,0,1,13
"12.med",2013,1,14,42,1,2,16,0,0,0,1,2,5,67
"13.high",2013,1,12,28,0,0,16,0,1,0,1,6,10,48
"13.low",2013,1,6,22,0,0,6,0,1,0,0,2,4,31
"13.med",2013,1,10,32,2,1,11,0,0,0,1,4,12,45
"14.high",2013,1,7,23,0,0,10,0,2,0,1,6,6,33
"14.low",2013,1,1,6,0,1,2,0,0,0,0,0,1,8
"14.med",2013,1,20,36,0,0,35,1,1,0,0,2,12,77
"15.high",2013,1,51,204,2,3,85,1,12,1,6,35,62,306
"15.low",2013,1,0,0,0,0,0,0,0,0,0,0,0,1
"15.med",2013,1,7,15,0,0,14,0,0,0,0,2,9,32
"16.high",2013,1,0,3,0,0,0,0,0,0,0,1,1,3
"16.low",2013,1,10,7,0,0,12,0,0,0,0,2,1,25
"16.med",2013,1,3,7,1,0,3,0,0,0,0,0,5,10
"17.high",2013,1,3,17,0,0,3,0,0,0,0,2,1,22
"17.med",2013,1,0,1,0,0,0,0,0,0,0,0,0,1
"18.high",2013,1,1,5,0,0,1,0,2,0,0,1,0,6
"18.med",2013,1,0,1,0,0,0,0,0,0,0,0,0,2
"19.high",2013,1,0,1,0,0,0,0,0,0,0,0,1,3
"19.low",2013,1,2,6,1,0,3,0,0,0,0,0,0,9
"19.med",2013,1,4,11,0,0,5,1,1,0,0,0,2,22
"20.high",2013,1,7,23,0,0,16,1,1,0,0,5,5,44
"20.low",2013,1,9,10,0,1,11,0,1,0,0,1,0,24
"20.med",2013,1,19,42,0,0,34,0,4,3,0,6,10,81
"21.low",2013,1,10,83,0,0,11,0,5,2,0,11,6,109
"21.med",2013,1,39,121,1,3,44,0,3,4,2,23,10,185
"22.high",2013,1,4,8,0,0,6,0,0,0,0,1,2,14
"22.low",2013,1,1,3,0,0,1,0,0,0,0,1,0,4
"22.med",2013,1,2,10,2,0,2,0,1,0,0,2,1,14
"23.high",2013,1,2,12,0,0,4,0,0,0,0,2,2,17
"23.low",2013,1,0,1,0,0,0,0,0,0,0,0,1,1
"23.med",2013,1,1,0,0,0,1,0,0,0,0,0,0,2
"24.high",2013,1,0,2,0,0,0,0,0,0,0,0,1,2
"24.med",2013,1,0,1,0,0,0,0,0,0,0,0,1,1
"25.high",2013,1,12,40,1,0,16,1,1,0,1,26,3,61
"25.low",2013,1,0,4,0,0,0,0,0,0,0,3,0,4
"25.med",2013,1,4,5,0,0,5,0,1,0,0,1,0,10
"01.high",2014,1,0,4,0,0,0,0,0,0,0,0,2,4
"01.low",2014,1,2,3,0,0,2,0,0,0,0,0,0,6
"01.med",2014,1,3,5,0,0,3,0,0,0,0,0,1,9
"02.high",2014,1,3,17,1,0,3,0,0,1,0,0,8,21
"02.low",2014,1,2,0,0,0,2,0,0,0,0,0,0,2
"02.med",2014,1,5,20,1,0,5,0,0,0,0,0,3,25
"03.low",2014,1,4,10,0,0,5,0,0,0,0,0,4,15
"03.med",2014,1,0,5,0,0,0,0,0,0,0,0,0,5
"04.high",2014,1,15,67,1,0,16,0,0,1,0,1,12,86
"04.low",2014,1,0,3,0,0,0,0,0,0,0,0,2,3
"04.med",2014,1,2,8,0,0,2,0,0,0,0,0,1,10
"05.low",2014,1,3,2,0,0,3,0,0,0,0,0,0,6
"05.med",2014,1,6,13,0,0,6,0,0,0,0,1,4,25
"06.low",2014,1,13,25,1,0,13,0,0,1,0,1,6,41
"06.med",2014,1,20,21,2,0,20,0,0,0,0,0,8,46
"07.high",2014,1,13,27,0,0,17,0,0,0,0,0,11,45
"08.high",2014,1,1,7,0,0,3,0,0,0,0,0,2,10
"08.low",2014,1,7,21,0,0,8,0,0,0,0,0,6,29
"08.med",2014,1,13,53,1,0,13,0,0,0,0,0,6,68
"09.low",2014,1,8,34,1,0,8,0,0,0,0,0,3,43
"09.med",2014,1,3,4,0,0,3,0,0,0,0,0,0,7
"10.high",2014,1,5,5,0,0,5,0,0,0,0,0,0,10
"10.low",2014,1,8,34,0,0,9,0,0,0,0,0,11,44
"10.med",2014,1,4,13,0,0,4,0,0,0,0,0,5,17
"11.high",2014,1,26,40,2,0,27,0,0,0,0,0,17,71
"12.high",2014,1,13,30,1,0,15,0,0,0,0,0,7,52
"12.low",2014,1,1,4,0,0,1,0,0,0,0,0,1,5
"12.med",2014,1,9,41,1,0,11,0,0,0,0,0,14,57
"13.high",2014,1,10,24,1,0,12,0,0,1,0,0,9,39
"13.low",2014,1,14,19,1,0,14,0,0,0,0,0,3,38
"13.med",2014,1,15,35,1,0,17,0,0,0,0,0,14,57
"14.high",2014,1,11,13,0,0,12,0,0,0,0,0,4,26
"14.low",2014,1,3,7,1,0,4,0,0,0,0,0,0,11
"14.med",2014,1,18,30,2,0,20,0,0,0,0,0,10,53
"15.high",2014,1,83,176,5,0,107,0,0,2,0,5,85,307
"15.med",2014,1,12,18,1,0,14,0,0,0,0,0,7,32
"16.high",2014,1,2,4,1,0,2,0,0,0,0,1,1,6
"16.low",2014,1,6,5,1,0,6,0,0,0,0,1,1,12
"16.med",2014,1,6,4,1,0,7,0,0,0,0,0,0,12
"17.high",2014,1,2,19,2,0,2,0,0,0,0,0,7,22
"17.med",2014,1,1,0,0,0,1,0,0,0,0,0,0,1
"18.high",2014,1,2,7,0,0,2,0,0,0,0,0,0,10
"19.high",2014,1,1,1,0,0,1,0,0,0,0,0,0,2
"19.low",2014,1,1,9,0,0,1,0,0,0,0,0,0,11
"19.med",2014,1,2,8,0,0,2,0,0,0,0,0,0,10
"20.high",2014,1,15,26,0,0,17,0,0,0,0,1,11,44
"20.low",2014,1,12,17,0,0,14,0,0,1,0,1,7,33
"20.med",2014,1,34,45,3,0,39,0,0,1,0,0,15,89
"21.low",2014,1,6,73,1,0,7,0,0,4,0,1,11,86
"21.med",2014,1,23,104,8,0,24,0,0,2,0,0,16,145
"22.high",2014,1,3,3,0,0,3,0,0,0,0,0,1,8
"22.low",2014,1,2,3,0,0,2,0,0,0,0,0,0,5
"22.med",2014,1,8,12,0,0,8,0,0,0,0,0,4,20
"23.high",2014,1,6,10,0,0,10,0,0,0,0,0,0,22
"24.high",2014,1,2,1,0,0,2,0,0,0,0,0,1,4
"25.high",2014,1,12,15,1,0,12,0,0,0,0,5,2,46
"25.med",2014,1,7,4,0,0,7,0,0,0,0,0,2,13
